date,client,rank_grouping,is_root_page,total_pages
2024-06-01,desktop,50000,false,29709
2024-06-01,desktop,100000,false,59992
2024-06-01,desktop,5000,false,2896
2024-06-01,desktop,10000,false,5852
2024-06-01,desktop,1000,false,561
2024-06-01,desktop,1000,true,632
2024-06-01,desktop,5000,true,3222
2024-06-01,desktop,10000,true,6497
2024-06-01,desktop,100000,true,68248
2024-06-01,desktop,50000,true,33541
2024-06-01,mobile,50000,false,34218
2024-06-01,mobile,1000,false,682
2024-06-01,mobile,10000,false,6961
2024-06-01,mobile,5000,false,3476
2024-06-01,mobile,100000,false,68239
2024-06-01,mobile,100000,true,79486
2024-06-01,mobile,5000,true,3918
2024-06-01,mobile,1000,true,771
2024-06-01,mobile,50000,true,39463
2024-06-01,mobile,10000,true,7828
2023-02-01,desktop,50000,false,32978
2023-02-01,desktop,100000,false,67323
2023-02-01,desktop,1000,false,603
2023-02-01,desktop,5000,false,3110
2023-02-01,desktop,10000,false,6380
2023-02-01,mobile,10000,false,7545
2023-02-01,mobile,50000,false,37692
2023-02-01,mobile,5000,false,3783
2023-02-01,mobile,1000,false,746
2023-02-01,mobile,100000,false,75317
2023-02-01,desktop,50000,true,38363
2023-02-01,desktop,100000,true,78621
2023-02-01,desktop,1000,true,698
2023-02-01,desktop,5000,true,3569
2023-02-01,desktop,10000,true,7340
2023-02-01,mobile,5000,true,4485
2023-02-01,mobile,1000,true,902
2023-02-01,mobile,50000,true,45032
2023-02-01,mobile,100000,true,90178
2023-02-01,mobile,10000,true,8950
2023-04-01,desktop,1000,false,605
2023-04-01,mobile,1000,false,740
2023-04-01,mobile,5000,false,3761
2023-04-01,desktop,5000,false,3112
2023-04-01,desktop,10000,false,6355
2023-04-01,mobile,10000,false,7535
2023-04-01,mobile,50000,false,37542
2023-04-01,desktop,50000,false,33127
2023-04-01,mobile,100000,false,74896
2023-04-01,desktop,100000,false,67512
2023-04-01,mobile,1000,true,899
2023-04-01,desktop,1000,true,702
2023-04-01,desktop,5000,true,3606
2023-04-01,mobile,5000,true,4485
2023-04-01,desktop,10000,true,7327
2023-04-01,mobile,10000,true,8917
2023-04-01,mobile,50000,true,44776
2023-04-01,desktop,50000,true,38529
2023-04-01,mobile,100000,true,89614
2023-04-01,desktop,100000,true,78882
2026-02-01,desktop,1000,false,568
2026-02-01,desktop,50000,false,28498
2026-02-01,desktop,5000,false,2906
2026-02-01,desktop,100000,false,56439
2026-02-01,desktop,10000,false,5822
2026-02-01,desktop,10000,true,6518
2026-02-01,desktop,100000,true,65172
2026-02-01,desktop,1000,true,633
2026-02-01,desktop,50000,true,32554
2026-02-01,desktop,5000,true,3270
2026-02-01,mobile,50000,false,32415
2026-02-01,mobile,1000,false,687
2026-02-01,mobile,10000,false,6719
2026-02-01,mobile,5000,false,3381
2026-02-01,mobile,100000,false,63831
2026-02-01,mobile,10000,true,7705
2026-02-01,mobile,1000,true,777
2026-02-01,mobile,100000,true,75876
2026-02-01,mobile,50000,true,38047
2026-02-01,mobile,5000,true,3883
2022-12-01,desktop,1000,false,613
2022-12-01,desktop,1000,true,704
2022-12-01,mobile,1000,true,903
2022-12-01,mobile,1000,false,757
2022-12-01,desktop,5000,false,3087
2022-12-01,mobile,5000,false,3757
2022-12-01,mobile,5000,true,4506
2022-12-01,desktop,5000,true,3598
2022-12-01,desktop,10000,false,6400
2022-12-01,desktop,10000,true,7414
2022-12-01,mobile,10000,true,9006
2022-12-01,mobile,10000,false,7543
2022-12-01,desktop,50000,false,33352
2022-12-01,desktop,50000,true,39088
2022-12-01,mobile,50000,false,37528
2022-12-01,mobile,50000,true,45080
2022-12-01,desktop,100000,false,68192
2022-12-01,mobile,100000,false,75207
2022-12-01,mobile,100000,true,90329
2022-12-01,desktop,100000,true,79987
2021-09-01,desktop,1000,true,755
2021-09-01,desktop,5000,true,755
2021-09-01,desktop,10000,true,7915
2021-09-01,desktop,50000,true,7915
2021-09-01,desktop,100000,true,85720
2021-09-01,mobile,5000,true,907
2021-09-01,mobile,1000,true,907
2021-09-01,mobile,50000,true,8851
2021-09-01,mobile,10000,true,8851
2021-09-01,mobile,100000,true,91095
2022-02-01,desktop,5000,true,764
2022-02-01,desktop,1000,true,764
2022-02-01,desktop,10000,true,7992
2022-02-01,desktop,50000,true,7992
2022-02-01,desktop,100000,true,86970
2022-02-01,mobile,1000,true,938
2022-02-01,mobile,5000,true,938
2022-02-01,mobile,50000,true,9385
2022-02-01,mobile,10000,true,9385
2022-02-01,mobile,100000,true,94911
2025-06-01,desktop,1000,false,558
2025-06-01,mobile,1000,false,693
2025-06-01,mobile,5000,false,3393
2025-06-01,desktop,5000,false,2834
2025-06-01,mobile,10000,false,6733
2025-06-01,desktop,10000,false,5725
2025-06-01,desktop,50000,false,28764
2025-06-01,mobile,50000,false,32961
2025-06-01,mobile,100000,false,65264
2025-06-01,desktop,100000,false,57630
2025-06-01,desktop,1000,true,622
2025-06-01,mobile,1000,true,774
2025-06-01,mobile,5000,true,3845
2025-06-01,desktop,5000,true,3170
2025-06-01,desktop,10000,true,6372
2025-06-01,mobile,10000,true,7638
2025-06-01,desktop,50000,true,32585
2025-06-01,mobile,50000,true,38311
2025-06-01,mobile,100000,true,76897
2025-06-01,desktop,100000,true,66004
2025-04-01,desktop,100000,false,58284
2025-04-01,desktop,1000,false,567
2025-04-01,desktop,5000,false,2900
2025-04-01,desktop,50000,false,28941
2025-04-01,desktop,10000,false,5854
2025-04-01,desktop,50000,true,33103
2025-04-01,desktop,5000,true,3278
2025-04-01,desktop,10000,true,6576
2025-04-01,desktop,100000,true,67138
2025-04-01,desktop,1000,true,648
2025-04-01,mobile,5000,false,3420
2025-04-01,mobile,10000,false,6841
2025-04-01,mobile,1000,false,698
2025-04-01,mobile,50000,false,33263
2025-04-01,mobile,100000,false,66412
2025-04-01,mobile,100000,true,78606
2025-04-01,mobile,50000,true,39015
2025-04-01,mobile,1000,true,782
2025-04-01,mobile,10000,true,7765
2025-04-01,mobile,5000,true,3873
2021-12-01,desktop,5000,true,742
2021-12-01,desktop,1000,true,742
2021-12-01,desktop,10000,true,7922
2021-12-01,desktop,50000,true,7922
2021-12-01,desktop,100000,true,86153
2021-12-01,mobile,1000,true,928
2021-12-01,mobile,5000,true,928
2021-12-01,mobile,50000,true,9208
2021-12-01,mobile,10000,true,9208
2021-12-01,mobile,100000,true,92846
2022-06-01,desktop,5000,false,701
2022-06-01,desktop,1000,false,701
2022-06-01,mobile,1000,false,816
2022-06-01,mobile,5000,false,816
2022-06-01,desktop,10000,false,7324
2022-06-01,desktop,50000,false,7324
2022-06-01,mobile,50000,false,8269
2022-06-01,mobile,10000,false,8269
2022-06-01,desktop,100000,false,78875
2022-06-01,mobile,100000,false,83602
2022-06-01,desktop,1000,true,780
2022-06-01,desktop,5000,true,780
2022-06-01,mobile,1000,true,928
2022-06-01,mobile,5000,true,928
2022-06-01,desktop,10000,true,8148
2022-06-01,desktop,50000,true,8148
2022-06-01,mobile,10000,true,9422
2022-06-01,mobile,50000,true,9422
2022-06-01,desktop,100000,true,87844
2022-06-01,mobile,100000,true,95193
2021-07-01,desktop,5000,true,785
2021-07-01,desktop,1000,true,785
2021-07-01,desktop,10000,true,8323
2021-07-01,desktop,50000,true,8323
2021-07-01,desktop,100000,true,88316
2021-07-01,mobile,5000,true,923
2021-07-01,mobile,1000,true,923
2021-07-01,mobile,50000,true,9217
2021-07-01,mobile,10000,true,9217
2021-07-01,mobile,100000,true,93235
2021-05-01,desktop,1000,true,791
2021-05-01,desktop,5000,true,791
2021-05-01,desktop,10000,true,8368
2021-05-01,desktop,50000,true,8368
2021-05-01,desktop,100000,true,88545
2021-05-01,mobile,1000,true,922
2021-05-01,mobile,5000,true,922
2021-05-01,mobile,10000,true,9215
2021-05-01,mobile,50000,true,9215
2021-05-01,mobile,100000,true,92826
2026-04-01,desktop,1000,false,557
2026-04-01,desktop,5000,false,2829
2026-04-01,desktop,100000,false,55287
2026-04-01,desktop,50000,false,27817
2026-04-01,desktop,10000,false,5646
2026-04-01,mobile,1000,false,680
2026-04-01,mobile,50000,false,31634
2026-04-01,mobile,10000,false,6581
2026-04-01,mobile,5000,false,3335
2026-04-01,desktop,50000,true,32410
2026-04-01,desktop,1000,true,636
2026-04-01,desktop,10000,true,6442
2026-04-01,desktop,5000,true,3232
2026-04-01,desktop,100000,true,64954
2026-04-01,mobile,10000,true,7600
2026-04-01,mobile,5000,true,3845
2026-04-01,mobile,1000,true,778
2026-04-01,mobile,50000,true,37672
2025-08-01,desktop,1000,false,560
2025-08-01,mobile,1000,false,671
2025-08-01,mobile,5000,false,3377
2025-08-01,desktop,5000,false,2883
2025-08-01,mobile,10000,false,6741
2025-08-01,desktop,10000,false,5807
2025-08-01,desktop,50000,false,28999
2025-08-01,mobile,50000,false,33156
2025-08-01,mobile,100000,false,65564
2025-08-01,desktop,100000,false,57955
2025-08-01,mobile,1000,true,767
2025-08-01,desktop,1000,true,623
2025-08-01,desktop,5000,true,3195
2025-08-01,mobile,5000,true,3857
2025-08-01,mobile,10000,true,7717
2025-08-01,desktop,10000,true,6438
2025-08-01,desktop,50000,true,32843
2025-08-01,mobile,50000,true,38692
2025-08-01,desktop,100000,true,66250
2025-08-01,mobile,100000,true,77407
2023-05-01,desktop,1000,false,598
2023-05-01,desktop,1000,true,707
2023-05-01,desktop,5000,true,3524
2023-05-01,desktop,5000,false,3071
2023-05-01,desktop,10000,false,6292
2023-05-01,desktop,10000,true,7214
2023-05-01,desktop,50000,true,37713
2023-05-01,desktop,50000,false,32651
2023-05-01,desktop,100000,false,66362
2023-05-01,desktop,100000,true,77042
2023-05-01,mobile,1000,false,723
2023-05-01,mobile,1000,true,893
2023-05-01,mobile,5000,true,4465
2023-05-01,mobile,5000,false,3756
2023-05-01,mobile,10000,true,8913
2023-05-01,mobile,10000,false,7521
2023-05-01,mobile,50000,false,37682
2023-05-01,mobile,50000,true,44710
2023-05-01,mobile,100000,false,75036
2023-05-01,mobile,100000,true,89354
2026-03-01,desktop,50000,false,28184
2026-03-01,desktop,10000,false,5687
2026-03-01,desktop,100000,false,55795
2026-03-01,desktop,5000,false,2856
2026-03-01,desktop,1000,false,563
2026-03-01,mobile,1000,false,672
2026-03-01,mobile,100000,false,63089
2026-03-01,mobile,10000,false,6582
2026-03-01,mobile,50000,false,32014
2026-03-01,mobile,5000,false,3330
2026-03-01,desktop,1000,true,637
2026-03-01,desktop,10000,true,6424
2026-03-01,desktop,100000,true,64851
2026-03-01,desktop,50000,true,32389
2026-03-01,desktop,5000,true,3239
2026-03-01,mobile,100000,true,75544
2026-03-01,mobile,1000,true,773
2026-03-01,mobile,10000,true,7618
2026-03-01,mobile,5000,true,3861
2026-03-01,mobile,50000,true,37853
2026-01-01,desktop,1000,true,609
2026-01-01,desktop,1000,false,544
2026-01-01,desktop,5000,false,2862
2026-01-01,desktop,5000,true,3192
2026-01-01,desktop,10000,true,6426
2026-01-01,desktop,10000,false,5776
2026-01-01,desktop,50000,true,32123
2026-01-01,desktop,50000,false,28322
2026-01-01,desktop,100000,false,56140
2026-01-01,desktop,100000,true,64448
2026-01-01,mobile,1000,true,761
2026-01-01,mobile,1000,false,673
2026-01-01,mobile,5000,false,3356
2026-01-01,mobile,5000,true,3813
2026-01-01,mobile,10000,true,7657
2026-01-01,mobile,10000,false,6735
2026-01-01,mobile,50000,false,32630
2026-01-01,mobile,50000,true,38053
2026-01-01,mobile,100000,false,64069
2026-01-01,mobile,100000,true,75859
2024-02-01,desktop,1000,false,558
2024-02-01,mobile,1000,false,676
2024-02-01,mobile,5000,false,3485
2024-02-01,desktop,5000,false,2958
2024-02-01,mobile,10000,false,6957
2024-02-01,desktop,10000,false,5922
2024-02-01,desktop,50000,false,30443
2024-02-01,mobile,50000,false,34464
2024-02-01,desktop,100000,false,61577
2024-02-01,mobile,100000,false,68712
2024-02-01,desktop,1000,true,624
2024-02-01,mobile,1000,true,772
2024-02-01,mobile,5000,true,3915
2024-02-01,desktop,5000,true,3268
2024-02-01,desktop,10000,true,6539
2024-02-01,mobile,10000,true,7813
2024-02-01,desktop,50000,true,34216
2024-02-01,mobile,50000,true,39603
2024-02-01,desktop,100000,true,69767
2024-02-01,mobile,100000,true,79855
2023-01-01,desktop,1000,false,604
2023-01-01,mobile,1000,false,734
2023-01-01,desktop,5000,false,3137
2023-01-01,mobile,5000,false,3754
2023-01-01,mobile,10000,false,7556
2023-01-01,desktop,10000,false,6485
2023-01-01,desktop,50000,false,33619
2023-01-01,mobile,50000,false,37674
2023-01-01,mobile,100000,false,75469
2023-01-01,desktop,100000,false,68669
2023-01-01,mobile,1000,true,895
2023-01-01,desktop,1000,true,705
2023-01-01,desktop,5000,true,3657
2023-01-01,mobile,5000,true,4500
2023-01-01,desktop,10000,true,7481
2023-01-01,mobile,10000,true,8983
2023-01-01,mobile,50000,true,45092
2023-01-01,desktop,50000,true,39227
2023-01-01,mobile,100000,true,90385
2023-01-01,desktop,100000,true,80264
2023-08-01,desktop,5000,false,3125
2023-08-01,desktop,100000,false,66199
2023-08-01,desktop,10000,false,6386
2023-08-01,desktop,50000,false,32639
2023-08-01,desktop,1000,false,605
2023-08-01,mobile,50000,false,37622
2023-08-01,mobile,100000,false,74989
2023-08-01,mobile,10000,false,7578
2023-08-01,mobile,5000,false,3782
2023-08-01,mobile,1000,false,755
2023-08-01,desktop,5000,true,3557
2023-08-01,desktop,10000,true,7262
2023-08-01,desktop,100000,true,76550
2023-08-01,desktop,50000,true,37520
2023-08-01,desktop,1000,true,698
2023-08-01,mobile,50000,true,45255
2023-08-01,mobile,100000,true,90595
2023-08-01,mobile,10000,true,9003
2023-08-01,mobile,5000,true,4505
2023-08-01,mobile,1000,true,903
2023-10-01,desktop,10000,false,6358
2023-10-01,desktop,50000,false,32257
2023-10-01,desktop,1000,false,612
2023-10-01,desktop,5000,false,3135
2023-10-01,desktop,100000,false,65110
2023-10-01,desktop,5000,true,3589
2023-10-01,desktop,1000,true,704
2023-10-01,desktop,10000,true,7304
2023-10-01,desktop,100000,true,76412
2023-10-01,desktop,50000,true,37717
2023-10-01,mobile,10000,false,7433
2023-10-01,mobile,50000,false,36701
2023-10-01,mobile,100000,false,72761
2023-10-01,mobile,5000,false,3732
2023-10-01,mobile,1000,false,726
2023-10-01,mobile,5000,true,4448
2023-10-01,mobile,1000,true,885
2023-10-01,mobile,50000,true,44651
2023-10-01,mobile,100000,true,89279
2023-10-01,mobile,10000,true,8892
2025-10-01,desktop,50000,false,28360
2025-10-01,desktop,100000,false,56980
2025-10-01,desktop,1000,false,540
2025-10-01,desktop,10000,false,5726
2025-10-01,desktop,5000,false,2862
2025-10-01,mobile,1000,false,666
2025-10-01,mobile,50000,false,32298
2025-10-01,mobile,100000,false,63961
2025-10-01,mobile,5000,false,3343
2025-10-01,mobile,10000,false,6629
2025-10-01,desktop,1000,true,612
2025-10-01,desktop,10000,true,6336
2025-10-01,desktop,5000,true,3162
2025-10-01,desktop,100000,true,65093
2025-10-01,desktop,50000,true,32064
2025-10-01,mobile,5000,true,3791
2025-10-01,mobile,10000,true,7542
2025-10-01,mobile,50000,true,37646
2025-10-01,mobile,100000,true,75453
2025-10-01,mobile,1000,true,758
2024-08-01,desktop,100000,false,59859
2024-08-01,desktop,10000,false,5842
2024-08-01,desktop,1000,false,568
2024-08-01,desktop,50000,false,29744
2024-08-01,desktop,5000,false,2865
2024-08-01,desktop,50000,true,33687
2024-08-01,desktop,1000,true,640
2024-08-01,desktop,100000,true,68262
2024-08-01,desktop,10000,true,6512
2024-08-01,desktop,5000,true,3213
2024-08-01,mobile,5000,false,3495
2024-08-01,mobile,10000,false,7003
2024-08-01,mobile,1000,false,716
2024-08-01,mobile,50000,false,34299
2024-08-01,mobile,100000,false,68030
2024-08-01,mobile,10000,true,7910
2024-08-01,mobile,50000,true,39817
2024-08-01,mobile,100000,true,79839
2024-08-01,mobile,5000,true,3948
2024-08-01,mobile,1000,true,799
2022-11-01,desktop,5000,false,632
2022-11-01,desktop,1000,false,632
2022-11-01,mobile,5000,false,771
2022-11-01,mobile,1000,false,771
2022-11-01,desktop,10000,false,6440
2022-11-01,desktop,50000,false,6440
2022-11-01,mobile,50000,false,7588
2022-11-01,mobile,10000,false,7588
2022-11-01,desktop,100000,false,68131
2022-11-01,mobile,100000,false,75090
2022-11-01,desktop,5000,true,713
2022-11-01,desktop,1000,true,713
2022-11-01,mobile,5000,true,901
2022-11-01,mobile,1000,true,901
2022-11-01,desktop,10000,true,7457
2022-11-01,desktop,50000,true,7457
2022-11-01,mobile,50000,true,9019
2022-11-01,mobile,10000,true,9019
2022-11-01,desktop,100000,true,79773
2022-11-01,mobile,100000,true,90211
2025-03-01,desktop,1000,true,646
2025-03-01,desktop,1000,false,576
2025-03-01,desktop,5000,false,2924
2025-03-01,desktop,5000,true,3266
2025-03-01,desktop,10000,false,5841
2025-03-01,desktop,10000,true,6521
2025-03-01,desktop,50000,true,33319
2025-03-01,desktop,50000,false,29231
2025-03-01,desktop,100000,false,58723
2025-03-01,desktop,100000,true,67518
2025-03-01,mobile,1000,false,708
2025-03-01,mobile,1000,true,785
2025-03-01,mobile,5000,true,3867
2025-03-01,mobile,5000,false,3429
2025-03-01,mobile,10000,false,6869
2025-03-01,mobile,10000,true,7783
2025-03-01,mobile,50000,true,38944
2025-03-01,mobile,50000,false,33332
2025-03-01,mobile,100000,false,66431
2025-03-01,mobile,100000,true,78388
2025-01-01,desktop,100000,false,58532
2025-01-01,desktop,5000,false,2832
2025-01-01,desktop,10000,false,5753
2025-01-01,desktop,1000,false,537
2025-01-01,desktop,50000,false,29120
2025-01-01,desktop,1000,true,609
2025-01-01,desktop,5000,true,3181
2025-01-01,desktop,10000,true,6430
2025-01-01,desktop,50000,true,33068
2025-01-01,desktop,100000,true,66916
2025-01-01,mobile,50000,false,33735
2025-01-01,mobile,1000,false,690
2025-01-01,mobile,10000,false,6873
2025-01-01,mobile,5000,false,3416
2025-01-01,mobile,100000,false,67014
2025-01-01,mobile,5000,true,3867
2025-01-01,mobile,100000,true,78739
2025-01-01,mobile,50000,true,39178
2025-01-01,mobile,1000,true,770
2025-01-01,mobile,10000,true,7760
2024-12-01,desktop,1000,false,571
2024-12-01,desktop,1000,true,646
2024-12-01,desktop,5000,false,2958
2024-12-01,desktop,5000,true,3305
2024-12-01,desktop,10000,false,5893
2024-12-01,desktop,10000,true,6569
2024-12-01,desktop,50000,false,30036
2024-12-01,desktop,50000,true,34037
2024-12-01,desktop,100000,true,68691
2024-12-01,desktop,100000,false,60125
2024-12-01,mobile,1000,true,806
2024-12-01,mobile,1000,false,733
2024-12-01,mobile,5000,false,3518
2024-12-01,mobile,5000,true,3949
2024-12-01,mobile,10000,true,7862
2024-12-01,mobile,10000,false,7007
2024-12-01,mobile,50000,true,39628
2024-12-01,mobile,50000,false,34294
2024-12-01,mobile,100000,false,67747
2024-12-01,mobile,100000,true,79256
2025-02-01,desktop,1000,true,639
2025-02-01,desktop,1000,false,568
2025-02-01,desktop,5000,false,2919
2025-02-01,desktop,5000,true,3283
2025-02-01,desktop,10000,true,6567
2025-02-01,desktop,10000,false,5868
2025-02-01,desktop,50000,false,29639
2025-02-01,desktop,50000,true,33657
2025-02-01,desktop,100000,false,59461
2025-02-01,desktop,100000,true,68135
2025-02-01,mobile,1000,false,701
2025-02-01,mobile,1000,true,779
2025-02-01,mobile,5000,true,3907
2025-02-01,mobile,5000,false,3449
2025-02-01,mobile,10000,false,6924
2025-02-01,mobile,10000,true,7826
2025-02-01,mobile,50000,false,33825
2025-02-01,mobile,50000,true,39317
2025-02-01,mobile,100000,true,78964
2025-02-01,mobile,100000,false,67226
2022-09-01,desktop,1000,false,617
2022-09-01,desktop,5000,false,617
2022-09-01,mobile,1000,false,787
2022-09-01,mobile,5000,false,787
2022-09-01,desktop,50000,false,6483
2022-09-01,desktop,10000,false,6483
2022-09-01,mobile,10000,false,7848
2022-09-01,mobile,50000,false,7848
2022-09-01,desktop,100000,false,68983
2022-09-01,mobile,100000,false,78105
2022-09-01,desktop,1000,true,695
2022-09-01,desktop,5000,true,695
2022-09-01,mobile,1000,true,920
2022-09-01,mobile,5000,true,920
2022-09-01,desktop,10000,true,7304
2022-09-01,desktop,50000,true,7304
2022-09-01,mobile,50000,true,9201
2022-09-01,mobile,10000,true,9201
2022-09-01,desktop,100000,true,78757
2022-09-01,mobile,100000,true,92197
2024-11-01,desktop,1000,false,554
2024-11-01,desktop,5000,false,2902
2024-11-01,desktop,100000,false,59278
2024-11-01,desktop,50000,false,29550
2024-11-01,desktop,10000,false,5848
2024-11-01,mobile,100000,false,67137
2024-11-01,mobile,50000,false,33917
2024-11-01,mobile,1000,false,717
2024-11-01,mobile,5000,false,3497
2024-11-01,mobile,10000,false,6996
2024-11-01,desktop,5000,true,3260
2024-11-01,desktop,100000,true,67893
2024-11-01,desktop,1000,true,634
2024-11-01,desktop,10000,true,6531
2024-11-01,desktop,50000,true,33559
2024-11-01,mobile,1000,true,790
2024-11-01,mobile,100000,true,78495
2024-11-01,mobile,10000,true,7815
2024-11-01,mobile,50000,true,39154
2024-11-01,mobile,5000,true,3915
2021-08-01,desktop,1000,true,791
2021-08-01,desktop,5000,true,791
2021-08-01,desktop,10000,true,8290
2021-08-01,desktop,50000,true,8290
2021-08-01,desktop,100000,true,88072
2021-08-01,mobile,5000,true,925
2021-08-01,mobile,1000,true,925
2021-08-01,mobile,50000,true,9015
2021-08-01,mobile,10000,true,9015
2021-08-01,mobile,100000,true,91403
2024-09-01,desktop,1000,false,540
2024-09-01,desktop,1000,true,618
2024-09-01,desktop,5000,true,3165
2024-09-01,desktop,5000,false,2782
2024-09-01,desktop,10000,false,5647
2024-09-01,desktop,10000,true,6375
2024-09-01,desktop,50000,true,33132
2024-09-01,desktop,50000,false,29021
2024-09-01,desktop,100000,false,58550
2024-09-01,desktop,100000,true,67298
2024-09-01,mobile,1000,false,695
2024-09-01,mobile,1000,true,779
2024-09-01,mobile,5000,true,3884
2024-09-01,mobile,5000,false,3413
2024-09-01,mobile,10000,true,7744
2024-09-01,mobile,10000,false,6800
2024-09-01,mobile,50000,false,33501
2024-09-01,mobile,50000,true,39136
2024-09-01,mobile,100000,true,78818
2024-09-01,mobile,100000,false,66797
2021-06-01,desktop,100000,true,88617
2021-06-01,desktop,5000,true,788
2021-06-01,desktop,10000,true,8374
2021-06-01,desktop,50000,true,8374
2021-06-01,desktop,1000,true,788
2021-06-01,mobile,1000,true,911
2021-06-01,mobile,5000,true,911
2021-06-01,mobile,10000,true,9182
2021-06-01,mobile,50000,true,9182
2021-06-01,mobile,100000,true,92663
2025-05-01,mobile,1000,false,706
2025-05-01,desktop,1000,false,563
2025-05-01,desktop,1000,true,635
2025-05-01,mobile,1000,true,786
2025-05-01,mobile,5000,false,3429
2025-05-01,desktop,5000,false,2864
2025-05-01,desktop,5000,true,3226
2025-05-01,mobile,5000,true,3899
2025-05-01,mobile,10000,true,7720
2025-05-01,desktop,10000,false,5696
2025-05-01,desktop,10000,true,6415
2025-05-01,mobile,10000,false,6769
2025-05-01,mobile,50000,true,38723
2025-05-01,desktop,50000,false,28861
2025-05-01,desktop,50000,true,32937
2025-05-01,mobile,50000,false,33046
2025-05-01,mobile,100000,true,77872
2025-05-01,desktop,100000,true,66864
2025-05-01,desktop,100000,false,58098
2025-05-01,mobile,100000,false,65545
2022-08-01,desktop,5000,false,652
2022-08-01,desktop,1000,false,652
2022-08-01,mobile,5000,false,783
2022-08-01,mobile,1000,false,783
2022-08-01,desktop,10000,false,6746
2022-08-01,desktop,50000,false,6746
2022-08-01,mobile,10000,false,7856
2022-08-01,mobile,50000,false,7856
2022-08-01,desktop,100000,false,70870
2022-08-01,mobile,100000,false,77606
2022-08-01,desktop,1000,true,744
2022-08-01,desktop,5000,true,744
2022-08-01,mobile,5000,true,926
2022-08-01,mobile,1000,true,926
2022-08-01,desktop,10000,true,7646
2022-08-01,desktop,50000,true,7646
2022-08-01,mobile,50000,true,9225
2022-08-01,mobile,10000,true,9225
2022-08-01,desktop,100000,true,81445
2022-08-01,mobile,100000,true,92136
2023-11-01,desktop,1000,false,622
2023-11-01,desktop,1000,true,711
2023-11-01,desktop,5000,true,3582
2023-11-01,desktop,5000,false,3109
2023-11-01,desktop,10000,false,6313
2023-11-01,desktop,10000,true,7298
2023-11-01,desktop,50000,false,32191
2023-11-01,desktop,50000,true,37848
2023-11-01,desktop,100000,true,76641
2023-11-01,desktop,100000,false,64956
2023-11-01,mobile,1000,false,738
2023-11-01,mobile,1000,true,885
2023-11-01,mobile,5000,true,4459
2023-11-01,mobile,5000,false,3727
2023-11-01,mobile,10000,true,8903
2023-11-01,mobile,10000,false,7428
2023-11-01,mobile,50000,false,36714
2023-11-01,mobile,50000,true,44644
2023-11-01,mobile,100000,false,72792
2023-11-01,mobile,100000,true,89215
2021-03-01,desktop,1000,true,803
2021-03-01,desktop,5000,true,803
2021-03-01,desktop,50000,true,8425
2021-03-01,desktop,10000,true,8425
2021-03-01,desktop,100000,true,89169
2021-03-01,mobile,100000,true,93357
2021-03-01,mobile,50000,true,9298
2021-03-01,mobile,5000,true,937
2021-03-01,mobile,10000,true,9298
2021-03-01,mobile,1000,true,937
2023-09-01,desktop,10000,false,6311
2023-09-01,desktop,5000,false,3080
2023-09-01,desktop,50000,false,32069
2023-09-01,desktop,100000,false,65073
2023-09-01,desktop,1000,false,597
2023-09-01,desktop,1000,true,703
2023-09-01,desktop,50000,true,37328
2023-09-01,desktop,10000,true,7263
2023-09-01,desktop,100000,true,75957
2023-09-01,desktop,5000,true,3580
2023-09-01,mobile,10000,false,7476
2023-09-01,mobile,1000,false,731
2023-09-01,mobile,5000,false,3723
2023-09-01,mobile,100000,false,73528
2023-09-01,mobile,50000,false,36902
2023-09-01,mobile,5000,true,4494
2023-09-01,mobile,100000,true,89984
2023-09-01,mobile,1000,true,896
2023-09-01,mobile,10000,true,8991
2023-09-01,mobile,50000,true,44988
2025-09-01,desktop,1000,false,550
2025-09-01,desktop,1000,true,614
2025-09-01,desktop,5000,true,3203
2025-09-01,desktop,5000,false,2870
2025-09-01,desktop,10000,false,5798
2025-09-01,desktop,10000,true,6467
2025-09-01,desktop,50000,false,28733
2025-09-01,desktop,50000,true,32696
2025-09-01,desktop,100000,false,57580
2025-09-01,desktop,100000,true,66140
2025-09-01,mobile,1000,true,769
2025-09-01,mobile,1000,false,681
2025-09-01,mobile,5000,false,3398
2025-09-01,mobile,5000,true,3887
2025-09-01,mobile,10000,false,6767
2025-09-01,mobile,10000,true,7749
2025-09-01,mobile,50000,true,38656
2025-09-01,mobile,50000,false,33049
2025-09-01,mobile,100000,false,65457
2025-09-01,mobile,100000,true,77484
2023-12-01,desktop,100000,false,62826
2023-12-01,desktop,50000,false,31063
2023-12-01,desktop,10000,false,6037
2023-12-01,desktop,1000,false,575
2023-12-01,desktop,5000,false,3002
2023-12-01,desktop,100000,true,70880
2023-12-01,desktop,50000,true,34758
2023-12-01,desktop,1000,true,649
2023-12-01,desktop,10000,true,6653
2023-12-01,desktop,5000,true,3324
2023-12-01,mobile,10000,false,7117
2023-12-01,mobile,100000,false,70353
2023-12-01,mobile,50000,false,35406
2023-12-01,mobile,5000,false,3575
2023-12-01,mobile,1000,false,694
2023-12-01,mobile,50000,true,40336
2023-12-01,mobile,1000,true,786
2023-12-01,mobile,10000,true,7943
2023-12-01,mobile,100000,true,81056
2023-12-01,mobile,5000,true,3990
2023-06-01,desktop,10000,false,6298
2023-06-01,desktop,5000,false,3097
2023-06-01,desktop,1000,false,607
2023-06-01,desktop,100000,false,65940
2023-06-01,desktop,50000,false,32472
2023-06-01,mobile,10000,false,7466
2023-06-01,mobile,50000,false,37229
2023-06-01,mobile,5000,false,3736
2023-06-01,mobile,100000,false,74459
2023-06-01,mobile,1000,false,718
2023-06-01,desktop,1000,true,705
2023-06-01,desktop,10000,true,7226
2023-06-01,desktop,100000,true,76845
2023-06-01,desktop,5000,true,3547
2023-06-01,desktop,50000,true,37707
2023-06-01,mobile,100000,true,89900
2023-06-01,mobile,5000,true,4469
2023-06-01,mobile,10000,true,8918
2023-06-01,mobile,1000,true,888
2023-06-01,mobile,50000,true,44870
2025-07-01,desktop,50000,false,28879
2025-07-01,desktop,100000,false,57915
2025-07-01,desktop,10000,false,5789
2025-07-01,desktop,1000,false,568
2025-07-01,desktop,5000,false,2864
2025-07-01,mobile,5000,false,3419
2025-07-01,mobile,100000,false,65880
2025-07-01,mobile,10000,false,6831
2025-07-01,mobile,1000,false,696
2025-07-01,mobile,50000,false,33257
2025-07-01,desktop,10000,true,6462
2025-07-01,desktop,50000,true,32931
2025-07-01,desktop,100000,true,66608
2025-07-01,desktop,1000,true,633
2025-07-01,desktop,5000,true,3201
2025-07-01,mobile,5000,true,3891
2025-07-01,mobile,100000,true,77869
2025-07-01,mobile,1000,true,790
2025-07-01,mobile,10000,true,7785
2025-07-01,mobile,50000,true,38835
2022-01-01,desktop,10000,true,7857
2022-01-01,desktop,50000,true,7857
2022-01-01,desktop,5000,true,740
2022-01-01,desktop,1000,true,740
2022-01-01,desktop,100000,true,85381
2022-01-01,mobile,100000,true,92719
2022-01-01,mobile,5000,true,927
2022-01-01,mobile,10000,true,9226
2022-01-01,mobile,50000,true,9226
2022-01-01,mobile,1000,true,927
2023-07-01,mobile,1000,false,732
2023-07-01,desktop,1000,false,603
2023-07-01,mobile,5000,false,3791
2023-07-01,desktop,5000,false,3115
2023-07-01,desktop,10000,false,6293
2023-07-01,mobile,10000,false,7547
2023-07-01,desktop,50000,false,32513
2023-07-01,mobile,50000,false,37837
2023-07-01,desktop,100000,false,66002
2023-07-01,mobile,100000,false,75177
2023-07-01,desktop,1000,true,700
2023-07-01,mobile,1000,true,893
2023-07-01,desktop,5000,true,3557
2023-07-01,mobile,5000,true,4497
2023-07-01,desktop,10000,true,7217
2023-07-01,mobile,10000,true,8983
2023-07-01,mobile,50000,true,45159
2023-07-01,desktop,50000,true,37500
2023-07-01,desktop,100000,true,76606
2023-07-01,mobile,100000,true,90351
2021-04-01,desktop,1000,true,800
2021-04-01,desktop,5000,true,800
2021-04-01,desktop,50000,true,8320
2021-04-01,desktop,10000,true,8320
2021-04-01,desktop,100000,true,87619
2021-04-01,mobile,1000,true,929
2021-04-01,mobile,5000,true,929
2021-04-01,mobile,50000,true,9148
2021-04-01,mobile,10000,true,9148
2021-04-01,mobile,100000,true,91466
2022-05-01,desktop,1000,true,778
2022-05-01,desktop,5000,true,778
2022-05-01,desktop,5000,false,939
2022-05-01,desktop,1000,false,939
2022-05-01,desktop,10000,true,8196
2022-05-01,desktop,50000,true,8196
2022-05-01,desktop,50000,false,9219
2022-05-01,desktop,10000,false,9219
2022-05-01,desktop,100000,false,80316
2022-05-01,desktop,100000,true,88045
2022-05-01,mobile,1000,true,933
2022-05-01,mobile,5000,true,933
2022-05-01,mobile,5000,false,1135
2022-05-01,mobile,1000,false,1135
2022-05-01,mobile,10000,true,9466
2022-05-01,mobile,50000,true,9466
2022-05-01,mobile,10000,false,10484
2022-05-01,mobile,50000,false,10484
2022-05-01,mobile,100000,false,84836
2022-05-01,mobile,100000,true,94966
2021-11-01,desktop,1000,true,754
2021-11-01,desktop,5000,true,754
2021-11-01,desktop,50000,true,8035
2021-11-01,desktop,10000,true,8035
2021-11-01,desktop,100000,true,86452
2021-11-01,mobile,1000,true,681
2021-11-01,mobile,5000,true,681
2021-11-01,mobile,10000,true,8553
2021-11-01,mobile,50000,true,8553
2021-11-01,mobile,100000,true,92073
2023-03-01,mobile,1000,false,732
2023-03-01,desktop,1000,false,591
2023-03-01,mobile,5000,false,3788
2023-03-01,desktop,5000,false,3125
2023-03-01,desktop,10000,false,6391
2023-03-01,mobile,10000,false,7569
2023-03-01,desktop,50000,false,33355
2023-03-01,mobile,50000,false,38009
2023-03-01,mobile,100000,false,75735
2023-03-01,desktop,100000,false,67919
2023-03-01,mobile,1000,true,888
2023-03-01,desktop,1000,true,682
2023-03-01,desktop,5000,true,3581
2023-03-01,mobile,5000,true,4487
2023-03-01,desktop,10000,true,7331
2023-03-01,mobile,10000,true,8952
2023-03-01,mobile,50000,true,45076
2023-03-01,desktop,50000,true,38633
2023-03-01,desktop,100000,true,78983
2023-03-01,mobile,100000,true,90153
2024-01-01,desktop,5000,false,2940
2024-01-01,desktop,10000,false,5916
2024-01-01,desktop,100000,false,61783
2024-01-01,desktop,1000,false,565
2024-01-01,desktop,50000,false,30528
2024-01-01,desktop,10000,true,6499
2024-01-01,desktop,1000,true,626
2024-01-01,desktop,5000,true,3242
2024-01-01,desktop,50000,true,34185
2024-01-01,desktop,100000,true,69740
2024-01-01,mobile,1000,false,692
2024-01-01,mobile,1000,true,792
2024-01-01,mobile,100000,true,81266
2024-01-01,mobile,5000,true,3960
2024-01-01,mobile,50000,true,40393
2024-01-01,mobile,10000,true,7907
2024-01-01,mobile,10000,false,7078
2024-01-01,mobile,50000,false,35365
2024-01-01,mobile,100000,false,70333
2024-01-01,mobile,5000,false,3538
2025-12-01,desktop,50000,false,29020
2025-12-01,desktop,10000,false,5899
2025-12-01,desktop,1000,false,564
2025-12-01,desktop,5000,false,2946
2025-12-01,desktop,100000,false,57592
2025-12-01,mobile,1000,false,681
2025-12-01,mobile,10000,false,6777
2025-12-01,mobile,50000,false,32767
2025-12-01,mobile,5000,false,3398
2025-12-01,mobile,100000,false,64558
2025-12-01,desktop,5000,true,3273
2025-12-01,desktop,10000,true,6557
2025-12-01,desktop,50000,true,33014
2025-12-01,desktop,1000,true,626
2025-12-01,desktop,100000,true,66201
2025-12-01,mobile,100000,true,76394
2025-12-01,mobile,10000,true,7725
2025-12-01,mobile,5000,true,3877
2025-12-01,mobile,1000,true,769
2025-12-01,mobile,50000,true,38292
2021-10-01,desktop,1000,true,761
2021-10-01,desktop,5000,true,761
2021-10-01,desktop,10000,true,8089
2021-10-01,desktop,50000,true,8089
2021-10-01,desktop,100000,true,86864
2021-10-01,mobile,5000,true,825
2021-10-01,mobile,1000,true,825
2021-10-01,mobile,10000,true,8319
2021-10-01,mobile,50000,true,8319
2021-10-01,mobile,100000,true,91078
2026-04-01,mobile,100000,false,62511
2026-04-01,mobile,100000,true,75263
2025-11-01,desktop,100000,false,57133
2025-11-01,desktop,1000,false,556
2025-11-01,desktop,5000,false,2897
2025-11-01,desktop,10000,false,5810
2025-11-01,desktop,50000,false,28597
2025-11-01,mobile,1000,false,685
2025-11-01,mobile,5000,false,3390
2025-11-01,mobile,100000,false,64294
2025-11-01,mobile,50000,false,32587
2025-11-01,mobile,10000,false,6713
2025-11-01,desktop,50000,true,32641
2025-11-01,desktop,10000,true,6493
2025-11-01,desktop,100000,true,65803
2025-11-01,desktop,5000,true,3250
2025-11-01,desktop,1000,true,627
2025-11-01,mobile,1000,true,772
2025-11-01,mobile,50000,true,38095
2025-11-01,mobile,100000,true,76168
2025-11-01,mobile,10000,true,7687
2025-11-01,mobile,5000,true,3874
2022-04-01,desktop,1000,true,759
2022-04-01,desktop,5000,true,759
2022-04-01,desktop,10000,true,8095
2022-04-01,desktop,50000,true,8095
2022-04-01,desktop,100000,true,87173
2022-04-01,mobile,1000,true,897
2022-04-01,mobile,5000,true,897
2022-04-01,mobile,50000,true,9256
2022-04-01,mobile,10000,true,9256
2022-04-01,mobile,100000,true,93740
2024-10-01,desktop,50000,false,29216
2024-10-01,desktop,5000,false,2882
2024-10-01,desktop,100000,false,58934
2024-10-01,desktop,10000,false,5742
2024-10-01,desktop,1000,false,549
2024-10-01,desktop,10000,true,6421
2024-10-01,desktop,50000,true,33260
2024-10-01,desktop,5000,true,3228
2024-10-01,desktop,100000,true,67681
2024-10-01,desktop,1000,true,623
2024-10-01,mobile,5000,false,3454
2024-10-01,mobile,100000,false,66649
2024-10-01,mobile,50000,false,33535
2024-10-01,mobile,1000,false,711
2024-10-01,mobile,10000,false,6886
2024-10-01,mobile,1000,true,785
2024-10-01,mobile,10000,true,7732
2024-10-01,mobile,50000,true,39022
2024-10-01,mobile,5000,true,3869
2024-10-01,mobile,100000,true,78510
2022-10-01,desktop,1000,false,603
2022-10-01,desktop,5000,false,603
2022-10-01,mobile,5000,false,784
2022-10-01,mobile,1000,false,784
2022-10-01,desktop,50000,false,6411
2022-10-01,desktop,10000,false,6411
2022-10-01,mobile,10000,false,7811
2022-10-01,mobile,50000,false,7811
2022-10-01,desktop,100000,false,67985
2022-10-01,mobile,100000,false,77325
2022-10-01,desktop,1000,true,685
2022-10-01,desktop,5000,true,685
2022-10-01,mobile,5000,true,930
2022-10-01,mobile,1000,true,930
2022-10-01,desktop,50000,true,7244
2022-10-01,desktop,10000,true,7244
2022-10-01,mobile,10000,true,9155
2022-10-01,mobile,50000,true,9155
2022-10-01,desktop,100000,true,78133
2022-10-01,mobile,100000,true,91676
2024-03-01,desktop,1000,false,573
2024-03-01,desktop,1000,true,646
2024-03-01,desktop,5000,true,3277
2024-03-01,desktop,5000,false,2927
2024-03-01,desktop,10000,true,6602
2024-03-01,desktop,10000,false,5931
2024-03-01,desktop,50000,true,34249
2024-03-01,desktop,50000,false,30285
2024-03-01,desktop,100000,false,60933
2024-03-01,desktop,100000,true,69371
2024-03-01,mobile,1000,true,782
2024-03-01,mobile,1000,false,685
2024-03-01,mobile,5000,true,3932
2024-03-01,mobile,5000,false,3471
2024-03-01,mobile,10000,false,6979
2024-03-01,mobile,10000,true,7864
2024-03-01,mobile,50000,true,39866
2024-03-01,mobile,50000,false,34566
2024-03-01,mobile,100000,false,68679
2024-03-01,mobile,100000,true,79995
2024-04-01,desktop,1000,false,578
2024-04-01,desktop,10000,false,5939
2024-04-01,desktop,5000,false,2960
2024-04-01,desktop,50000,false,30210
2024-04-01,desktop,100000,false,60751
2024-04-01,mobile,100000,false,69158
2024-04-01,mobile,50000,false,34708
2024-04-01,mobile,10000,false,7009
2024-04-01,mobile,1000,false,689
2024-04-01,mobile,5000,false,3486
2024-04-01,desktop,10000,true,6541
2024-04-01,desktop,50000,true,33948
2024-04-01,desktop,5000,true,3247
2024-04-01,desktop,1000,true,636
2024-04-01,desktop,100000,true,68776
2024-04-01,mobile,1000,true,777
2024-04-01,mobile,10000,true,7863
2024-04-01,mobile,5000,true,3913
2024-04-01,mobile,100000,true,80207
2024-04-01,mobile,50000,true,39883
2024-07-01,desktop,5000,false,2900
2024-07-01,desktop,100000,false,60163
2024-07-01,desktop,50000,false,29977
2024-07-01,desktop,10000,false,5887
2024-07-01,desktop,1000,false,559
2024-07-01,mobile,1000,false,700
2024-07-01,mobile,10000,false,7043
2024-07-01,mobile,100000,false,68104
2024-07-01,mobile,50000,false,34421
2024-07-01,mobile,5000,false,3509
2024-07-01,desktop,50000,true,33957
2024-07-01,desktop,100000,true,68631
2024-07-01,desktop,10000,true,6557
2024-07-01,desktop,5000,true,3254
2024-07-01,desktop,1000,true,632
2024-07-01,mobile,1000,true,792
2024-07-01,mobile,100000,true,79807
2024-07-01,mobile,10000,true,7911
2024-07-01,mobile,50000,true,39884
2024-07-01,mobile,5000,true,3969
2024-05-01,desktop,50000,true,33124
2024-05-01,desktop,1000,true,622
2024-05-01,desktop,5000,true,3140
2024-05-01,desktop,100000,true,67674
2024-05-01,desktop,5000,false,2819
2024-05-01,desktop,10000,true,6326
2024-05-01,desktop,50000,false,29365
2024-05-01,desktop,1000,false,545
2024-05-01,desktop,100000,false,59479
2024-05-01,desktop,10000,false,5697
2024-05-01,mobile,5000,false,3408
2024-05-01,mobile,10000,false,6851
2024-05-01,mobile,1000,false,669
2024-05-01,mobile,50000,false,33816
2024-05-01,mobile,50000,true,38982
2024-05-01,mobile,1000,true,773
2024-05-01,mobile,5000,true,3851
2024-05-01,mobile,10000,true,7718
2024-05-01,mobile,100000,true,78583
2024-05-01,mobile,100000,false,67463
2022-07-01,desktop,1000,false,622
2022-07-01,desktop,5000,false,622
2022-07-01,mobile,5000,false,741
2022-07-01,mobile,1000,false,741
2022-07-01,desktop,10000,false,6391
2022-07-01,desktop,50000,false,6391
2022-07-01,mobile,10000,false,7280
2022-07-01,mobile,50000,false,7280
2022-07-01,desktop,100000,false,66642
2022-07-01,mobile,100000,false,71430
2022-07-01,desktop,5000,true,685
2022-07-01,desktop,1000,true,685
2022-07-01,mobile,5000,true,836
2022-07-01,mobile,1000,true,836
2022-07-01,desktop,10000,true,6992
2022-07-01,desktop,50000,true,6992
2022-07-01,mobile,10000,true,8192
2022-07-01,mobile,50000,true,8192
2022-07-01,desktop,100000,true,73992
2022-07-01,mobile,100000,true,80886
2022-03-01,desktop,1000,true,763
2022-03-01,desktop,5000,true,763
2022-03-01,desktop,10000,true,8032
2022-03-01,desktop,50000,true,8032
2022-03-01,desktop,100000,true,87301
2022-03-01,mobile,1000,true,936
2022-03-01,mobile,5000,true,936
2022-03-01,mobile,50000,true,9440
2022-03-01,mobile,10000,true,9440
2022-03-01,mobile,100000,true,95192
